Main-Category,Sub-Category,Child-Category,Product-Page-URL
Airsoft Guns,Airsoft Pistols,Gas Airsoft Pistols,https://airsoftstation.com/gas-airsoft-pistols/
Airsoft Guns,Airsoft Pistols,Electric Airsoft Pistols,https://airsoftstation.com/electric-airsoft-pistols/
Airsoft Guns,Airsoft Pistols,Spring Airsoft Pistols,https://airsoftstation.com/spring-airsoft-pistols/
Airsoft Guns,Airsoft Rifles,Electric Airsoft Rifles,https://airsoftstation.com/electric-airsoft-rifles/
Airsoft Guns,Airsoft Rifles,Gas Airsoft Rifles,https://airsoftstation.com/gas-airsoft-rifles/
Airsoft Guns,Airsoft Rifles,Airsoft Sniper Rifles,https://airsoftstation.com/airsoft-sniper-rifles/
Airsoft Guns,Airsoft Rifles,Spring Airsoft Rifles,https://airsoftstation.com/spring-airsoft-rifles/
Airsoft Guns,Airsoft Rifles,HPA Airsoft Rifles,https://airsoftstation.com/hpa-airsoft-rifles/
Airsoft Guns,Browse by Weapon Style,AK47 Airsoft Guns and Rifles,https://airsoftstation.com/ak-variants/
Airsoft Guns,Browse by Weapon Style,M4 Variants,https://airsoftstation.com/m4-variants/
Airsoft Guns,Browse by Weapon Style,Other Airsoft Guns,https://airsoftstation.com/other-airsoft-guns/
Tactical Gear,Protective Gear,Barrel Blockers,https://airsoftstation.com/barrel-blockers-1/
Tactical Gear,Protective Gear,Gloves,https://airsoftstation.com/gloves-1/
Tactical Gear,Protective Gear,Goggles and Face Masks Protection,https://airsoftstation.com/goggles-and-face-masks-1/
Tactical Gear,Protective Gear,"Helmets, Attachments, & Accessories",https://airsoftstation.com/helmets-attachments-accessories-1/
Tactical Gear,Protective Gear,"Knee, Elbow & Chest Pads",https://airsoftstation.com/knee-elbow-chest-pads-1/
Airsoft Parts,AEG Parts,Air Nozzles,https://airsoftstation.com/air-nozzles/
Airsoft Parts,AEG Parts,Bushings & Bearings,https://airsoftstation.com/bushings-bearings/
Airsoft Parts,AEG Parts,Cylinders & Cylinder Heads,https://airsoftstation.com/cylinders-cylinder-heads/
Airsoft Parts,AEG Parts,Gearboxes,https://airsoftstation.com/gearboxes-complete/
Airsoft Parts,AEG Parts,Gears and Gear Sets,https://airsoftstation.com/gears-and-gear-sets/
Airsoft Parts,AEG Parts,"Hop-Up Units, Buckings, & R-Hop",https://airsoftstation.com/hop-up-units-buckings-r-hop/
Airsoft Parts,AEG Parts,Inner Barrels,https://airsoftstation.com/inner-barrels/
Airsoft Parts,AEG Parts,Miscellaneous,https://airsoftstation.com/miscellaneous/
Airsoft Parts,AEG Parts,MOSFETs & Burst Units,https://airsoftstation.com/mosfets-burst-units/
Airsoft Parts,AEG Parts,Motors,https://airsoftstation.com/motors/
Airsoft Parts,AEG Parts,Pistons & Piston Heads,https://airsoftstation.com/pistons-piston-heads/
Airsoft Parts,AEG Parts,Shims,https://airsoftstation.com/shims/
Airsoft Parts,AEG Parts,Springs & Spring Guides,https://airsoftstation.com/springs-spring-guides/
Airsoft Parts,AEG Parts,Tappet and Selector Plates,https://airsoftstation.com/tappet-and-selector-plates/
Airsoft Parts,AEG Parts,Tune Up Kits,https://airsoftstation.com/tune-up-kits/
Airsoft Parts,AEG Parts,Wiring and Electrical,https://airsoftstation.com/wiring-and-electrical/
Accessories,Magazines & Accessories,Pistol Magazines,https://airsoftstation.com/pistol-magazines/
Accessories,Magazines & Accessories,Rifle Magazines,https://airsoftstation.com/rifle-magazines/
Accessories,Magazines & Accessories,Sniper Rifle Magazines,https://airsoftstation.com/sniper-rifle-magazines/
Accessories,Magazines & Accessories,"Airsoft Pistol, Rifle, & Shotgun Shells",https://airsoftstation.com/airsoft-pistol-rifle-shotgun-shells/
Accessories,Magazines & Accessories,Magazine Accessories,https://airsoftstation.com/magazine-accessories/
Accessories,Scopes & Optics,Zoom Scopes,https://airsoftstation.com/scopes-optics/
Accessories,Scopes & Optics,Ballistic Optics Protectors,https://airsoftstation.com/ballistic-optics-protectors/
Accessories,Scopes & Optics,Red Dot & Holographic Sights,https://airsoftstation.com/red-dot-holographic-sights/
Accessories,Scopes & Optics,"Flip-up, Iron, and Quick-Detach Sights",https://airsoftstation.com/flip-up-iron-and-quick-detach-sights/
Accessories,"Flash Hiders, Tracer Units, & Barrel Mods",Airsoft Tracer Units,https://airsoftstation.com/airsoft-tracer-units/
Accessories,"Flash Hiders, Tracer Units, & Barrel Mods",Flash Hiders & Muzzle Breaks,https://airsoftstation.com/flash-hiders-muzzle-breaks/
Accessories,"Flash Hiders, Tracer Units, & Barrel Mods",Barrel Extensions & Mock Suppressors,https://airsoftstation.com/barrel-extensions-mock-suppressors/
Accessories,"Flash Hiders, Tracer Units, & Barrel Mods",Outer Barrels,https://airsoftstation.com/outer-barrels/
Accessories,"Flash Hiders, Tracer Units, & Barrel Mods",Thread Converters for Outer Barrels,https://airsoftstation.com/thread-converters-for-outer-barrels/
Accessories,"Batteries, Chargers, & PEQ Boxes",Airsoft Battery Chargers and Adapters,https://airsoftstation.com/battery-chargers
Accessories,"Batteries, Chargers, & PEQ Boxes",NiMH Batteries,https://airsoftstation.com/nimh-batteries/
Accessories,"Batteries, Chargers, & PEQ Boxes",LiPO & Li-Ion Batteries,https://airsoftstation.com/lipo-li-ion-batteries/
Accessories,"Batteries, Chargers, & PEQ Boxes",PEQ Boxes,https://airsoftstation.com/peq-boxes/
Accessories,"Batteries, Chargers, & PEQ Boxes",Other Batteries,https://airsoftstation.com/other-batteries/
Accessories,"Grenades, Launchers, and Claymores","Grenade Launchers, Underbarrel Launchers, Mortars ",https://airsoftstation.com/grenade-launchers-underbarrel-launchers-mortars/
Accessories,"Grenades, Launchers, and Claymores","Thunder, Tornado, Cyclone, & Banger Hand Grenades",https://airsoftstation.com/thunder-tornado-cyclone-banger-hand-grenades/
Accessories,Protective Gear,Goggles and Face Masks,https://airsoftstation.com/goggles-face-masks/
Accessories,Protective Gear,"Helmets, Attachments, & Accessories",https://airsoftstation.com/helmets-attachments-accessories/
Accessories,Protective Gear,"Knee, Elbow & Chest Pads",https://airsoftstation.com/knee-elbow-chest-pads/
Accessories,Protective Gear,Barrel Blockers,https://airsoftstation.com/barrel-blockers/
